threshhold,FRR,FAR
0.0,100.0,0.0
0.1,100.0,0.0
0.2,100.0,0.0
0.30000000000000004,100.0,0.0
0.4,100.0,0.0
0.5,96.55172413793103,0.0
0.6000000000000001,96.55172413793103,0.0
0.7000000000000001,96.55172413793103,0.0
0.8,96.55172413793103,0.0
0.9,96.55172413793103,0.0
1.0,96.55172413793103,0.0
1.1,96.55172413793103,0.0
1.2000000000000002,96.55172413793103,0.0
1.3,96.55172413793103,0.0
1.4000000000000001,96.55172413793103,0.0
1.5,96.55172413793103,0.0
1.6,96.55172413793103,0.0
1.7000000000000002,96.55172413793103,0.0
1.8,96.55172413793103,0.0
1.9000000000000001,96.55172413793103,0.0
2.0,93.10344827586206,0.0
2.1,93.10344827586206,0.0
2.2,93.10344827586206,0.0
2.3000000000000003,93.10344827586206,0.0
2.4000000000000004,89.65517241379311,0.0
2.5,89.65517241379311,0.0
2.6,89.65517241379311,0.0
2.7,89.65517241379311,0.0
2.8000000000000003,89.65517241379311,0.0
2.9000000000000004,86.20689655172413,0.0
3.0,86.20689655172413,0.0
3.1,86.20689655172413,0.0
3.2,86.20689655172413,0.0
3.3000000000000003,86.20689655172413,0.0
3.4000000000000004,82.75862068965517,0.0
3.5,82.75862068965517,0.0
3.6,82.75862068965517,0.0
3.7,82.75862068965517,0.0
3.8000000000000003,82.75862068965517,0.0
3.9000000000000004,82.75862068965517,0.0
4.0,82.75862068965517,0.0
4.1000000000000005,82.75862068965517,0.0
4.2,82.75862068965517,0.0
4.3,79.3103448275862,0.0
4.4,79.3103448275862,0.0
4.5,79.3103448275862,0.0
4.6000000000000005,79.3103448275862,0.0
4.7,79.3103448275862,0.0
4.800000000000001,79.3103448275862,0.0
4.9,75.86206896551724,0.0
5.0,75.86206896551724,0.0
5.1000000000000005,75.86206896551724,0.0
5.2,75.86206896551724,0.0
5.300000000000001,75.86206896551724,0.0
5.4,75.86206896551724,0.0
5.5,75.86206896551724,0.0
5.6000000000000005,75.86206896551724,0.0
5.7,75.86206896551724,0.0
5.800000000000001,75.86206896551724,0.0
5.9,75.86206896551724,0.0
6.0,75.86206896551724,0.0
6.1000000000000005,75.86206896551724,0.0
6.2,75.86206896551724,0.0
6.300000000000001,75.86206896551724,0.0
6.4,75.86206896551724,0.0
6.5,75.86206896551724,0.0
6.6000000000000005,75.86206896551724,0.0
6.7,75.86206896551724,0.0
6.800000000000001,75.86206896551724,0.0
6.9,75.86206896551724,0.0
7.0,75.86206896551724,0.0
7.1000000000000005,75.86206896551724,0.0
7.2,75.86206896551724,0.0
7.300000000000001,75.86206896551724,0.0
7.4,75.86206896551724,0.0
7.5,75.86206896551724,0.0
7.6000000000000005,75.86206896551724,0.0
7.7,75.86206896551724,0.0
7.800000000000001,75.86206896551724,0.0
7.9,72.41379310344827,0.0
8.0,72.41379310344827,0.0
8.1,68.96551724137932,0.0
8.200000000000001,68.96551724137932,0.0
8.3,68.96551724137932,0.0
8.4,68.96551724137932,0.0
8.5,68.96551724137932,0.0
8.6,68.96551724137932,0.0
8.700000000000001,68.96551724137932,0.0
8.8,68.96551724137932,0.0
8.9,68.96551724137932,0.0
9.0,68.96551724137932,0.0
9.1,68.96551724137932,0.0
9.200000000000001,68.96551724137932,0.0
9.3,68.96551724137932,0.0
9.4,68.96551724137932,0.0
9.5,68.96551724137932,0.0
9.600000000000001,68.96551724137932,0.0
9.700000000000001,68.96551724137932,0.0
9.8,68.96551724137932,0.0
9.9,68.96551724137932,0.0
10.0,68.96551724137932,0.0
10.100000000000001,68.96551724137932,0.0
10.200000000000001,68.96551724137932,0.0
10.3,68.96551724137932,0.0
10.4,68.96551724137932,0.0
10.5,68.96551724137932,0.0
10.600000000000001,68.96551724137932,0.0
10.700000000000001,68.96551724137932,0.0
10.8,65.51724137931035,0.0
10.9,65.51724137931035,0.0
11.0,65.51724137931035,0.0
11.100000000000001,65.51724137931035,0.0
11.200000000000001,65.51724137931035,0.0
11.3,65.51724137931035,0.0
11.4,65.51724137931035,0.0
11.5,65.51724137931035,0.0
11.600000000000001,65.51724137931035,0.0
11.700000000000001,65.51724137931035,0.0
11.8,65.51724137931035,0.0
11.9,65.51724137931035,0.0
12.0,62.06896551724138,0.0
12.100000000000001,62.06896551724138,0.0
12.200000000000001,62.06896551724138,0.0
12.3,62.06896551724138,0.0
12.4,62.06896551724138,0.0
12.5,62.06896551724138,0.0
12.600000000000001,62.06896551724138,0.0
12.700000000000001,58.620689655172406,0.0
12.8,58.620689655172406,0.0
12.9,58.620689655172406,0.0
13.0,58.620689655172406,0.0
13.100000000000001,58.620689655172406,0.0
13.200000000000001,58.620689655172406,0.0
13.3,58.620689655172406,0.0
13.4,58.620689655172406,0.0
13.5,58.620689655172406,0.0
13.600000000000001,58.620689655172406,0.0
13.700000000000001,58.620689655172406,0.0
13.8,58.620689655172406,0.0
13.9,58.620689655172406,0.0
14.0,58.620689655172406,0.0
14.100000000000001,58.620689655172406,0.0
14.200000000000001,58.620689655172406,0.0
14.3,58.620689655172406,0.0
14.4,58.620689655172406,0.0
14.5,58.620689655172406,0.0
14.600000000000001,58.620689655172406,0.0
14.700000000000001,58.620689655172406,0.0
14.8,58.620689655172406,0.0
14.9,58.620689655172406,0.0
15.0,58.620689655172406,0.0
15.100000000000001,58.620689655172406,0.0
15.200000000000001,58.620689655172406,0.0
15.3,58.620689655172406,0.0
15.4,58.620689655172406,0.0
15.5,58.620689655172406,0.0
15.600000000000001,58.620689655172406,0.0
15.700000000000001,58.620689655172406,0.0
15.8,58.620689655172406,0.0
15.9,58.620689655172406,0.0
16.0,58.620689655172406,0.0
16.1,58.620689655172406,0.0
16.2,58.620689655172406,0.0
16.3,58.620689655172406,0.0
16.400000000000002,58.620689655172406,0.0
16.5,58.620689655172406,0.0
16.6,55.172413793103445,0.0
16.7,48.275862068965516,0.0
16.8,48.275862068965516,0.0
16.900000000000002,48.275862068965516,0.0
17.0,48.275862068965516,0.0
17.1,48.275862068965516,0.0
17.2,48.275862068965516,0.0
17.3,48.275862068965516,0.0
17.400000000000002,48.275862068965516,0.0
17.5,48.275862068965516,0.0
17.6,48.275862068965516,0.0
17.7,48.275862068965516,0.0
17.8,48.275862068965516,0.0
17.900000000000002,48.275862068965516,0.0
18.0,44.827586206896555,0.0
18.1,44.827586206896555,0.0
18.2,44.827586206896555,0.0
18.3,44.827586206896555,0.0
18.400000000000002,44.827586206896555,0.0
18.5,44.827586206896555,0.0
18.6,44.827586206896555,0.0
18.7,44.827586206896555,0.0
18.8,44.827586206896555,0.0
18.900000000000002,44.827586206896555,0.0
19.0,44.827586206896555,0.0
19.1,44.827586206896555,0.0
19.200000000000003,44.827586206896555,0.0
19.3,44.827586206896555,0.0
19.400000000000002,44.827586206896555,0.0
19.5,44.827586206896555,0.0
19.6,44.827586206896555,0.0
19.700000000000003,44.827586206896555,0.0
19.8,44.827586206896555,0.0
19.900000000000002,44.827586206896555,0.0
20.0,44.827586206896555,0.0
20.1,44.827586206896555,0.0
20.200000000000003,44.827586206896555,0.0
20.3,44.827586206896555,0.0
20.400000000000002,44.827586206896555,0.0
20.5,44.827586206896555,0.0
20.6,44.827586206896555,0.0
20.700000000000003,44.827586206896555,0.0
20.8,44.827586206896555,0.0
20.900000000000002,44.827586206896555,0.0
21.0,44.827586206896555,0.0
21.1,44.827586206896555,0.0
21.200000000000003,44.827586206896555,0.0
21.3,41.37931034482759,0.0
21.400000000000002,41.37931034482759,0.0
21.5,41.37931034482759,0.0
21.6,41.37931034482759,0.0
21.700000000000003,41.37931034482759,0.0
21.8,41.37931034482759,0.0
21.900000000000002,41.37931034482759,0.0
22.0,41.37931034482759,0.0
22.1,41.37931034482759,0.0
22.200000000000003,41.37931034482759,0.0
22.3,41.37931034482759,0.0
22.400000000000002,41.37931034482759,0.0
22.5,41.37931034482759,0.0
22.6,41.37931034482759,0.0
22.700000000000003,41.37931034482759,0.0
22.8,41.37931034482759,0.0
22.900000000000002,41.37931034482759,0.0
23.0,41.37931034482759,0.0
23.1,41.37931034482759,0.0
23.200000000000003,37.93103448275862,0.0
23.3,37.93103448275862,0.0
23.400000000000002,37.93103448275862,0.0
23.5,37.93103448275862,0.0
23.6,37.93103448275862,0.0
23.700000000000003,37.93103448275862,0.0
23.8,37.93103448275862,0.0
23.900000000000002,37.93103448275862,0.0
24.0,37.93103448275862,0.0
24.1,37.93103448275862,0.0
24.200000000000003,37.93103448275862,0.0
24.3,37.93103448275862,0.0
24.400000000000002,37.93103448275862,0.0
24.5,37.93103448275862,0.0
24.6,37.93103448275862,0.0
24.700000000000003,37.93103448275862,0.0
24.8,37.93103448275862,0.0
24.900000000000002,37.93103448275862,0.0
25.0,37.93103448275862,0.0
25.1,37.93103448275862,0.0
25.200000000000003,37.93103448275862,0.0
25.3,37.93103448275862,0.0
25.400000000000002,37.93103448275862,0.0
25.5,37.93103448275862,0.0
25.6,37.93103448275862,0.0
25.700000000000003,37.93103448275862,0.0
25.8,37.93103448275862,0.0
25.900000000000002,37.93103448275862,0.0
26.0,37.93103448275862,0.0
26.1,37.93103448275862,0.0
26.200000000000003,37.93103448275862,0.0
26.3,37.93103448275862,0.0
26.400000000000002,37.93103448275862,0.0
26.5,37.93103448275862,0.0
26.6,37.93103448275862,0.0
26.700000000000003,37.93103448275862,0.0
26.8,37.93103448275862,0.0
26.900000000000002,37.93103448275862,0.0
27.0,37.93103448275862,0.0
27.1,37.93103448275862,0.0
27.200000000000003,37.93103448275862,0.0
27.3,37.93103448275862,0.0
27.400000000000002,37.93103448275862,0.0
27.5,37.93103448275862,0.0
27.6,37.93103448275862,0.0
27.700000000000003,37.93103448275862,0.0
27.8,37.93103448275862,0.0
27.900000000000002,37.93103448275862,0.0
28.0,37.93103448275862,0.0
28.1,37.93103448275862,0.0
28.200000000000003,37.93103448275862,0.0
28.3,37.93103448275862,0.0
28.400000000000002,37.93103448275862,0.0
28.5,37.93103448275862,0.0
28.6,34.48275862068966,0.0
28.700000000000003,34.48275862068966,0.0
28.8,34.48275862068966,0.0
28.900000000000002,34.48275862068966,0.0
29.0,34.48275862068966,0.0
29.1,34.48275862068966,0.0
29.200000000000003,34.48275862068966,0.0
29.3,34.48275862068966,0.0
29.400000000000002,34.48275862068966,0.0
29.5,34.48275862068966,0.0
29.6,34.48275862068966,0.0
29.700000000000003,34.48275862068966,0.0
29.8,34.48275862068966,0.0
29.900000000000002,34.48275862068966,0.0
30.0,34.48275862068966,0.0
30.1,34.48275862068966,0.0
30.200000000000003,34.48275862068966,0.0
30.3,34.48275862068966,0.0
30.400000000000002,34.48275862068966,0.0
30.5,34.48275862068966,0.0
30.6,34.48275862068966,0.0
30.700000000000003,34.48275862068966,0.0
30.8,34.48275862068966,0.0
30.900000000000002,34.48275862068966,0.0
31.0,34.48275862068966,0.0
31.1,34.48275862068966,0.0
31.200000000000003,34.48275862068966,0.0
31.3,34.48275862068966,0.0
31.400000000000002,34.48275862068966,0.0
31.5,34.48275862068966,0.0
31.6,34.48275862068966,0.0
31.700000000000003,34.48275862068966,0.0
31.8,34.48275862068966,0.0
31.900000000000002,34.48275862068966,0.0
32.0,34.48275862068966,0.0
32.1,34.48275862068966,0.0
32.2,34.48275862068966,0.0
32.300000000000004,34.48275862068966,0.0
32.4,34.48275862068966,0.0
32.5,34.48275862068966,0.0
32.6,34.48275862068966,0.0
32.7,34.48275862068966,0.0
32.800000000000004,34.48275862068966,0.0
32.9,34.48275862068966,0.0
33.0,34.48275862068966,0.0
33.1,34.48275862068966,0.0
33.2,34.48275862068966,0.0
33.300000000000004,34.48275862068966,0.0
33.4,34.48275862068966,0.0
33.5,34.48275862068966,0.0
33.6,34.48275862068966,0.0
33.7,34.48275862068966,0.0
33.800000000000004,34.48275862068966,0.0
33.9,31.03448275862069,0.0
34.0,31.03448275862069,0.0
34.1,31.03448275862069,0.0
34.2,27.586206896551722,0.0
34.300000000000004,27.586206896551722,0.0
34.4,27.586206896551722,0.0
34.5,24.137931034482758,0.0
34.6,24.137931034482758,0.0
34.7,24.137931034482758,0.0
34.800000000000004,24.137931034482758,0.0
34.9,24.137931034482758,0.0
35.0,24.137931034482758,0.0
35.1,24.137931034482758,0.0
35.2,24.137931034482758,0.0
35.300000000000004,24.137931034482758,0.0
35.4,24.137931034482758,0.0
35.5,24.137931034482758,0.0
35.6,24.137931034482758,0.0
35.7,24.137931034482758,0.0
35.800000000000004,24.137931034482758,0.0
35.9,24.137931034482758,0.0
36.0,24.137931034482758,0.0
36.1,24.137931034482758,0.0
36.2,24.137931034482758,0.0
36.300000000000004,24.137931034482758,0.0
36.4,24.137931034482758,0.0
36.5,24.137931034482758,0.0
36.6,24.137931034482758,0.0
36.7,24.137931034482758,0.0
36.800000000000004,24.137931034482758,0.0
36.9,24.137931034482758,0.0
37.0,24.137931034482758,0.0
37.1,24.137931034482758,0.0
37.2,24.137931034482758,0.0
37.300000000000004,24.137931034482758,0.0
37.4,24.137931034482758,0.0
37.5,24.137931034482758,0.0
37.6,24.137931034482758,0.0
37.7,24.137931034482758,0.0
37.800000000000004,24.137931034482758,0.0
37.9,24.137931034482758,0.0
38.0,24.137931034482758,0.0
38.1,24.137931034482758,0.0
38.2,24.137931034482758,0.0
38.300000000000004,24.137931034482758,0.0
38.400000000000006,24.137931034482758,0.0
38.5,24.137931034482758,0.0
38.6,24.137931034482758,0.0
38.7,24.137931034482758,0.0
38.800000000000004,24.137931034482758,0.0
38.900000000000006,24.137931034482758,0.0
39.0,24.137931034482758,0.0
39.1,24.137931034482758,0.0
39.2,24.137931034482758,0.0
39.300000000000004,24.137931034482758,0.0
39.400000000000006,24.137931034482758,0.0
39.5,24.137931034482758,0.0
39.6,24.137931034482758,0.0
39.7,24.137931034482758,0.0
39.800000000000004,24.137931034482758,0.0
39.900000000000006,24.137931034482758,0.0
40.0,24.137931034482758,0.0
40.1,24.137931034482758,0.0
40.2,24.137931034482758,0.0
40.300000000000004,24.137931034482758,0.0
40.400000000000006,20.689655172413794,0.0
40.5,20.689655172413794,0.0
40.6,20.689655172413794,0.0
40.7,20.689655172413794,0.0
40.800000000000004,20.689655172413794,0.0
40.900000000000006,20.689655172413794,0.0
41.0,20.689655172413794,0.0
41.1,20.689655172413794,0.0
41.2,20.689655172413794,0.0
41.300000000000004,20.689655172413794,0.0
41.400000000000006,20.689655172413794,0.0
41.5,20.689655172413794,0.0
41.6,20.689655172413794,0.0
41.7,20.689655172413794,0.0
41.800000000000004,20.689655172413794,0.0
41.900000000000006,20.689655172413794,0.0
42.0,20.689655172413794,0.0
42.1,20.689655172413794,0.0
42.2,20.689655172413794,0.0
42.300000000000004,20.689655172413794,0.0
42.400000000000006,20.689655172413794,0.0
42.5,20.689655172413794,0.0
42.6,20.689655172413794,0.0
42.7,20.689655172413794,0.0
42.800000000000004,20.689655172413794,0.0
42.900000000000006,20.689655172413794,0.0
43.0,20.689655172413794,0.0
43.1,20.689655172413794,0.0
43.2,20.689655172413794,0.0
43.300000000000004,20.689655172413794,0.0
43.400000000000006,20.689655172413794,0.0
43.5,20.689655172413794,0.0
43.6,20.689655172413794,0.0
43.7,20.689655172413794,0.0
43.800000000000004,20.689655172413794,0.0
43.900000000000006,20.689655172413794,0.0
44.0,20.689655172413794,0.0
44.1,20.689655172413794,0.0
44.2,20.689655172413794,0.0
44.300000000000004,20.689655172413794,0.0
44.400000000000006,20.689655172413794,0.0
44.5,20.689655172413794,0.0
44.6,20.689655172413794,0.0
44.7,20.689655172413794,0.0
44.800000000000004,20.689655172413794,0.0
44.900000000000006,20.689655172413794,0.0
45.0,20.689655172413794,0.0
45.1,20.689655172413794,0.0
45.2,20.689655172413794,0.0
45.300000000000004,20.689655172413794,0.0
45.400000000000006,20.689655172413794,0.0
45.5,20.689655172413794,0.0
45.6,20.689655172413794,0.0
45.7,20.689655172413794,0.0
45.800000000000004,20.689655172413794,0.0
45.900000000000006,20.689655172413794,0.0
46.0,20.689655172413794,0.0
46.1,20.689655172413794,0.0
46.2,20.689655172413794,0.0
46.300000000000004,20.689655172413794,0.0
46.400000000000006,20.689655172413794,0.0
46.5,20.689655172413794,0.0
46.6,17.24137931034483,0.0
46.7,17.24137931034483,0.0
46.800000000000004,17.24137931034483,0.0
46.900000000000006,17.24137931034483,0.0
47.0,17.24137931034483,0.0
47.1,17.24137931034483,0.0
47.2,17.24137931034483,0.0
47.300000000000004,17.24137931034483,0.0
47.400000000000006,17.24137931034483,0.0
47.5,17.24137931034483,0.0
47.6,17.24137931034483,0.0
47.7,17.24137931034483,0.0
47.800000000000004,17.24137931034483,0.0
47.900000000000006,17.24137931034483,0.0
48.0,17.24137931034483,0.0
48.1,17.24137931034483,0.0
48.2,17.24137931034483,0.0
48.300000000000004,17.24137931034483,0.0
48.400000000000006,17.24137931034483,0.0
48.5,17.24137931034483,0.0
48.6,17.24137931034483,0.0
48.7,17.24137931034483,0.0
48.800000000000004,17.24137931034483,0.0
48.900000000000006,17.24137931034483,0.0
49.0,17.24137931034483,0.0
49.1,17.24137931034483,0.0
49.2,17.24137931034483,0.0
49.300000000000004,17.24137931034483,2.083333333333333
49.400000000000006,17.24137931034483,2.083333333333333
49.5,17.24137931034483,2.083333333333333
49.6,17.24137931034483,2.083333333333333
49.7,17.24137931034483,2.083333333333333
49.800000000000004,17.24137931034483,2.083333333333333
49.900000000000006,17.24137931034483,2.083333333333333
50.0,17.24137931034483,2.083333333333333
50.1,17.24137931034483,2.083333333333333
50.2,17.24137931034483,2.083333333333333
50.300000000000004,17.24137931034483,2.083333333333333
50.400000000000006,17.24137931034483,2.083333333333333
50.5,17.24137931034483,2.083333333333333
50.6,17.24137931034483,2.083333333333333
50.7,17.24137931034483,2.083333333333333
50.800000000000004,17.24137931034483,2.083333333333333
50.900000000000006,17.24137931034483,2.083333333333333
51.0,17.24137931034483,2.083333333333333
51.1,17.24137931034483,2.083333333333333
51.2,17.24137931034483,2.083333333333333
51.300000000000004,17.24137931034483,2.083333333333333
51.400000000000006,17.24137931034483,2.083333333333333
51.5,17.24137931034483,2.083333333333333
51.6,17.24137931034483,2.083333333333333
51.7,17.24137931034483,2.083333333333333
51.800000000000004,17.24137931034483,2.083333333333333
51.900000000000006,17.24137931034483,2.083333333333333
52.0,17.24137931034483,2.083333333333333
52.1,17.24137931034483,2.083333333333333
52.2,17.24137931034483,2.083333333333333
52.300000000000004,17.24137931034483,2.083333333333333
52.400000000000006,17.24137931034483,2.083333333333333
52.5,17.24137931034483,2.083333333333333
52.6,17.24137931034483,2.083333333333333
52.7,17.24137931034483,2.083333333333333
52.800000000000004,17.24137931034483,2.083333333333333
52.900000000000006,17.24137931034483,2.083333333333333
53.0,17.24137931034483,2.083333333333333
53.1,17.24137931034483,2.083333333333333
53.2,17.24137931034483,2.083333333333333
53.300000000000004,17.24137931034483,2.083333333333333
53.400000000000006,17.24137931034483,2.083333333333333
53.5,17.24137931034483,2.083333333333333
53.6,17.24137931034483,2.083333333333333
53.7,17.24137931034483,2.083333333333333
53.800000000000004,17.24137931034483,2.083333333333333
53.900000000000006,17.24137931034483,2.083333333333333
54.0,17.24137931034483,2.083333333333333
54.1,17.24137931034483,2.083333333333333
54.2,17.24137931034483,2.083333333333333
54.300000000000004,17.24137931034483,2.083333333333333
54.400000000000006,17.24137931034483,2.083333333333333
54.5,17.24137931034483,2.083333333333333
54.6,17.24137931034483,2.083333333333333
54.7,17.24137931034483,2.083333333333333
54.800000000000004,17.24137931034483,2.083333333333333
54.900000000000006,17.24137931034483,2.083333333333333
55.0,17.24137931034483,2.083333333333333
55.1,17.24137931034483,2.083333333333333
55.2,17.24137931034483,2.083333333333333
55.300000000000004,17.24137931034483,2.083333333333333
55.400000000000006,17.24137931034483,2.083333333333333
55.5,17.24137931034483,2.083333333333333
55.6,17.24137931034483,2.083333333333333
55.7,17.24137931034483,2.083333333333333
55.800000000000004,17.24137931034483,2.083333333333333
55.900000000000006,17.24137931034483,2.083333333333333
56.0,17.24137931034483,2.083333333333333
56.1,17.24137931034483,2.083333333333333
56.2,17.24137931034483,2.083333333333333
56.300000000000004,17.24137931034483,2.083333333333333
56.400000000000006,17.24137931034483,2.083333333333333
56.5,17.24137931034483,2.083333333333333
56.6,17.24137931034483,2.083333333333333
56.7,17.24137931034483,2.083333333333333
56.800000000000004,17.24137931034483,2.083333333333333
56.900000000000006,17.24137931034483,2.083333333333333
57.0,17.24137931034483,2.083333333333333
57.1,17.24137931034483,2.083333333333333
57.2,17.24137931034483,2.083333333333333
57.300000000000004,17.24137931034483,2.083333333333333
57.400000000000006,17.24137931034483,2.083333333333333
57.5,17.24137931034483,2.083333333333333
57.6,17.24137931034483,2.083333333333333
57.7,17.24137931034483,2.083333333333333
57.800000000000004,17.24137931034483,2.083333333333333
57.900000000000006,17.24137931034483,2.083333333333333
58.0,17.24137931034483,2.083333333333333
58.1,17.24137931034483,2.083333333333333
58.2,17.24137931034483,2.083333333333333
58.300000000000004,17.24137931034483,2.083333333333333
58.400000000000006,17.24137931034483,2.083333333333333
58.5,17.24137931034483,2.083333333333333
58.6,17.24137931034483,2.083333333333333
58.7,17.24137931034483,2.083333333333333
58.800000000000004,17.24137931034483,2.083333333333333
58.900000000000006,17.24137931034483,2.083333333333333
59.0,17.24137931034483,2.083333333333333
59.1,17.24137931034483,2.083333333333333
59.2,17.24137931034483,2.083333333333333
59.300000000000004,17.24137931034483,2.083333333333333
59.400000000000006,17.24137931034483,2.083333333333333
59.5,17.24137931034483,2.083333333333333
59.6,17.24137931034483,2.083333333333333
59.7,17.24137931034483,2.083333333333333
59.800000000000004,17.24137931034483,2.083333333333333
59.900000000000006,17.24137931034483,2.083333333333333
60.0,17.24137931034483,2.083333333333333
60.1,17.24137931034483,2.083333333333333
60.2,17.24137931034483,2.083333333333333
60.300000000000004,17.24137931034483,2.083333333333333
60.400000000000006,17.24137931034483,2.083333333333333
60.5,17.24137931034483,2.083333333333333
60.6,17.24137931034483,2.083333333333333
60.7,17.24137931034483,2.083333333333333
60.800000000000004,17.24137931034483,2.083333333333333
60.900000000000006,17.24137931034483,2.083333333333333
61.0,17.24137931034483,2.083333333333333
61.1,17.24137931034483,2.083333333333333
61.2,17.24137931034483,2.083333333333333
61.300000000000004,17.24137931034483,2.083333333333333
61.400000000000006,17.24137931034483,2.083333333333333
61.5,17.24137931034483,2.083333333333333
61.6,17.24137931034483,2.083333333333333
61.7,17.24137931034483,2.083333333333333
61.800000000000004,17.24137931034483,2.083333333333333
61.900000000000006,17.24137931034483,2.083333333333333
62.0,17.24137931034483,2.083333333333333
62.1,17.24137931034483,2.083333333333333
62.2,17.24137931034483,2.083333333333333
62.300000000000004,17.24137931034483,2.083333333333333
62.400000000000006,17.24137931034483,2.083333333333333
62.5,17.24137931034483,2.083333333333333
62.6,17.24137931034483,2.083333333333333
62.7,17.24137931034483,2.083333333333333
62.800000000000004,17.24137931034483,2.083333333333333
62.900000000000006,17.24137931034483,2.083333333333333
63.0,17.24137931034483,2.083333333333333
63.1,17.24137931034483,2.083333333333333
63.2,17.24137931034483,2.083333333333333
63.300000000000004,17.24137931034483,2.083333333333333
63.400000000000006,17.24137931034483,2.083333333333333
63.5,17.24137931034483,2.083333333333333
63.6,17.24137931034483,2.083333333333333
63.7,17.24137931034483,2.083333333333333
63.800000000000004,17.24137931034483,2.083333333333333
63.900000000000006,17.24137931034483,2.083333333333333
64.0,17.24137931034483,2.083333333333333
64.10000000000001,17.24137931034483,2.083333333333333
64.2,17.24137931034483,2.083333333333333
64.3,17.24137931034483,2.083333333333333
64.4,17.24137931034483,2.083333333333333
64.5,17.24137931034483,2.083333333333333
64.60000000000001,17.24137931034483,2.083333333333333
64.7,17.24137931034483,2.083333333333333
64.8,17.24137931034483,2.083333333333333
64.9,17.24137931034483,2.083333333333333
65.0,17.24137931034483,2.083333333333333
65.10000000000001,17.24137931034483,2.083333333333333
65.2,17.24137931034483,2.083333333333333
65.3,17.24137931034483,2.083333333333333
65.4,17.24137931034483,2.083333333333333
65.5,17.24137931034483,2.083333333333333
65.60000000000001,17.24137931034483,2.083333333333333
65.7,17.24137931034483,2.083333333333333
65.8,17.24137931034483,2.083333333333333
65.9,17.24137931034483,2.083333333333333
66.0,17.24137931034483,2.083333333333333
66.10000000000001,17.24137931034483,2.083333333333333
66.2,17.24137931034483,2.083333333333333
66.3,17.24137931034483,2.083333333333333
66.4,17.24137931034483,2.083333333333333
66.5,17.24137931034483,2.083333333333333
66.60000000000001,17.24137931034483,2.083333333333333
66.7,17.24137931034483,2.083333333333333
66.8,17.24137931034483,2.083333333333333
66.9,17.24137931034483,2.083333333333333
67.0,17.24137931034483,2.083333333333333
67.10000000000001,17.24137931034483,2.083333333333333
67.2,17.24137931034483,2.083333333333333
67.3,17.24137931034483,2.083333333333333
67.4,17.24137931034483,2.083333333333333
67.5,17.24137931034483,2.083333333333333
67.60000000000001,17.24137931034483,2.083333333333333
67.7,17.24137931034483,2.083333333333333
67.8,17.24137931034483,2.083333333333333
67.9,17.24137931034483,2.083333333333333
68.0,17.24137931034483,2.083333333333333
68.10000000000001,17.24137931034483,2.083333333333333
68.2,17.24137931034483,2.083333333333333
68.3,17.24137931034483,2.083333333333333
68.4,17.24137931034483,2.083333333333333
68.5,17.24137931034483,2.083333333333333
68.60000000000001,17.24137931034483,2.083333333333333
68.7,17.24137931034483,2.083333333333333
68.8,17.24137931034483,2.083333333333333
68.9,17.24137931034483,2.083333333333333
69.0,17.24137931034483,2.083333333333333
69.10000000000001,17.24137931034483,2.083333333333333
69.2,17.24137931034483,2.083333333333333
69.3,17.24137931034483,2.083333333333333
69.4,17.24137931034483,2.083333333333333
69.5,17.24137931034483,2.083333333333333
69.60000000000001,17.24137931034483,2.083333333333333
69.7,17.24137931034483,2.083333333333333
69.8,17.24137931034483,2.083333333333333
69.9,17.24137931034483,2.083333333333333
70.0,17.24137931034483,2.083333333333333
70.10000000000001,17.24137931034483,2.083333333333333
70.2,17.24137931034483,2.083333333333333
70.3,17.24137931034483,2.083333333333333
70.4,17.24137931034483,2.083333333333333
70.5,17.24137931034483,2.083333333333333
70.60000000000001,17.24137931034483,2.083333333333333
70.7,17.24137931034483,2.083333333333333
70.8,17.24137931034483,2.083333333333333
70.9,17.24137931034483,2.083333333333333
71.0,17.24137931034483,2.083333333333333
71.10000000000001,17.24137931034483,2.083333333333333
71.2,17.24137931034483,2.083333333333333
71.3,17.24137931034483,2.083333333333333
71.4,17.24137931034483,2.083333333333333
71.5,17.24137931034483,2.083333333333333
71.60000000000001,17.24137931034483,2.083333333333333
71.7,17.24137931034483,2.083333333333333
71.8,17.24137931034483,2.083333333333333
71.9,17.24137931034483,2.083333333333333
72.0,17.24137931034483,2.083333333333333
72.10000000000001,17.24137931034483,2.083333333333333
72.2,17.24137931034483,2.083333333333333
72.3,17.24137931034483,2.083333333333333
72.4,17.24137931034483,2.083333333333333
72.5,17.24137931034483,2.083333333333333
72.60000000000001,17.24137931034483,2.083333333333333
72.7,17.24137931034483,2.083333333333333
72.8,17.24137931034483,2.083333333333333
72.9,17.24137931034483,2.083333333333333
73.0,17.24137931034483,2.083333333333333
73.10000000000001,17.24137931034483,2.083333333333333
73.2,17.24137931034483,2.083333333333333
73.3,17.24137931034483,2.083333333333333
73.4,17.24137931034483,2.083333333333333
73.5,17.24137931034483,2.083333333333333
73.60000000000001,17.24137931034483,2.083333333333333
73.7,17.24137931034483,2.083333333333333
73.8,17.24137931034483,2.083333333333333
73.9,17.24137931034483,2.083333333333333
74.0,17.24137931034483,2.083333333333333
74.10000000000001,17.24137931034483,2.083333333333333
74.2,17.24137931034483,2.083333333333333
74.3,17.24137931034483,2.083333333333333
74.4,17.24137931034483,2.083333333333333
74.5,17.24137931034483,2.083333333333333
74.60000000000001,17.24137931034483,2.083333333333333
74.7,17.24137931034483,2.083333333333333
74.8,17.24137931034483,2.083333333333333
74.9,17.24137931034483,2.083333333333333
75.0,17.24137931034483,2.083333333333333
75.10000000000001,17.24137931034483,2.083333333333333
75.2,17.24137931034483,4.166666666666666
75.3,17.24137931034483,4.166666666666666
75.4,17.24137931034483,4.166666666666666
75.5,17.24137931034483,4.166666666666666
75.60000000000001,17.24137931034483,4.166666666666666
75.7,17.24137931034483,4.166666666666666
75.8,17.24137931034483,4.166666666666666
75.9,17.24137931034483,4.166666666666666
76.0,17.24137931034483,4.166666666666666
76.10000000000001,17.24137931034483,4.166666666666666
76.2,17.24137931034483,4.166666666666666
76.3,17.24137931034483,4.166666666666666
76.4,17.24137931034483,4.166666666666666
76.5,17.24137931034483,4.166666666666666
76.60000000000001,17.24137931034483,4.166666666666666
76.7,17.24137931034483,4.166666666666666
76.80000000000001,17.24137931034483,4.166666666666666
76.9,17.24137931034483,4.166666666666666
77.0,17.24137931034483,4.166666666666666
77.10000000000001,17.24137931034483,4.166666666666666
77.2,17.24137931034483,4.166666666666666
77.30000000000001,17.24137931034483,4.166666666666666
77.4,17.24137931034483,4.166666666666666
77.5,17.24137931034483,4.166666666666666
77.60000000000001,17.24137931034483,4.166666666666666
77.7,17.24137931034483,4.166666666666666
77.80000000000001,17.24137931034483,4.166666666666666
77.9,17.24137931034483,6.25
78.0,17.24137931034483,6.25
78.10000000000001,17.24137931034483,6.25
78.2,17.24137931034483,6.25
78.30000000000001,17.24137931034483,6.25
78.4,17.24137931034483,6.25
78.5,17.24137931034483,6.25
78.60000000000001,17.24137931034483,6.25
78.7,17.24137931034483,6.25
78.80000000000001,17.24137931034483,6.25
78.9,17.24137931034483,6.25
79.0,17.24137931034483,6.25
79.10000000000001,17.24137931034483,6.25
79.2,17.24137931034483,6.25
79.30000000000001,17.24137931034483,6.25
79.4,17.24137931034483,6.25
79.5,17.24137931034483,6.25
79.60000000000001,17.24137931034483,6.25
79.7,17.24137931034483,6.25
79.80000000000001,17.24137931034483,6.25
79.9,17.24137931034483,6.25
80.0,17.24137931034483,6.25
80.10000000000001,17.24137931034483,6.25
80.2,17.24137931034483,6.25
80.30000000000001,17.24137931034483,6.25
80.4,17.24137931034483,6.25
80.5,17.24137931034483,6.25
80.60000000000001,17.24137931034483,6.25
80.7,17.24137931034483,6.25
80.80000000000001,17.24137931034483,6.25
80.9,17.24137931034483,6.25
81.0,17.24137931034483,6.25
81.10000000000001,17.24137931034483,6.25
81.2,17.24137931034483,6.25
81.30000000000001,17.24137931034483,6.25
81.4,17.24137931034483,6.25
81.5,17.24137931034483,6.25
81.60000000000001,17.24137931034483,6.25
81.7,17.24137931034483,6.25
81.80000000000001,17.24137931034483,6.25
81.9,17.24137931034483,6.25
82.0,13.793103448275861,6.25
82.10000000000001,13.793103448275861,6.25
82.2,13.793103448275861,6.25
82.30000000000001,13.793103448275861,6.25
82.4,13.793103448275861,6.25
82.5,13.793103448275861,6.25
82.60000000000001,13.793103448275861,6.25
82.7,13.793103448275861,6.25
82.80000000000001,13.793103448275861,6.25
82.9,13.793103448275861,6.25
83.0,13.793103448275861,6.25
83.10000000000001,13.793103448275861,6.25
83.2,13.793103448275861,6.25
83.30000000000001,13.793103448275861,6.25
83.4,13.793103448275861,6.25
83.5,13.793103448275861,6.25
83.60000000000001,13.793103448275861,6.25
83.7,13.793103448275861,6.25
83.80000000000001,13.793103448275861,6.25
83.9,13.793103448275861,6.25
84.0,13.793103448275861,6.25
84.10000000000001,13.793103448275861,6.25
84.2,13.793103448275861,6.25
84.30000000000001,13.793103448275861,6.25
84.4,13.793103448275861,6.25
84.5,13.793103448275861,6.25
84.60000000000001,13.793103448275861,6.25
84.7,13.793103448275861,6.25
84.80000000000001,13.793103448275861,6.25
84.9,13.793103448275861,6.25
85.0,13.793103448275861,6.25
85.10000000000001,13.793103448275861,6.25
85.2,13.793103448275861,6.25
85.30000000000001,13.793103448275861,6.25
85.4,13.793103448275861,8.333333333333332
85.5,13.793103448275861,8.333333333333332
85.60000000000001,13.793103448275861,8.333333333333332
85.7,13.793103448275861,8.333333333333332
85.80000000000001,13.793103448275861,8.333333333333332
85.9,13.793103448275861,8.333333333333332
86.0,13.793103448275861,8.333333333333332
86.10000000000001,13.793103448275861,8.333333333333332
86.2,13.793103448275861,8.333333333333332
86.30000000000001,13.793103448275861,8.333333333333332
86.4,13.793103448275861,8.333333333333332
86.5,13.793103448275861,8.333333333333332
86.60000000000001,13.793103448275861,8.333333333333332
86.7,13.793103448275861,8.333333333333332
86.80000000000001,13.793103448275861,8.333333333333332
86.9,13.793103448275861,8.333333333333332
87.0,13.793103448275861,8.333333333333332
87.10000000000001,13.793103448275861,8.333333333333332
87.2,13.793103448275861,8.333333333333332
87.30000000000001,13.793103448275861,8.333333333333332
87.4,13.793103448275861,8.333333333333332
87.5,13.793103448275861,8.333333333333332
87.60000000000001,13.793103448275861,8.333333333333332
87.7,13.793103448275861,8.333333333333332
87.80000000000001,13.793103448275861,8.333333333333332
87.9,13.793103448275861,8.333333333333332
88.0,13.793103448275861,8.333333333333332
88.10000000000001,13.793103448275861,8.333333333333332
88.2,13.793103448275861,8.333333333333332
88.30000000000001,13.793103448275861,8.333333333333332
88.4,13.793103448275861,8.333333333333332
88.5,13.793103448275861,8.333333333333332
88.60000000000001,13.793103448275861,8.333333333333332
88.7,13.793103448275861,8.333333333333332
88.80000000000001,13.793103448275861,8.333333333333332
88.9,13.793103448275861,8.333333333333332
89.0,13.793103448275861,8.333333333333332
89.10000000000001,13.793103448275861,10.416666666666668
89.2,13.793103448275861,10.416666666666668
89.30000000000001,13.793103448275861,10.416666666666668
89.4,13.793103448275861,10.416666666666668
89.5,13.793103448275861,10.416666666666668
89.60000000000001,13.793103448275861,10.416666666666668
89.7,13.793103448275861,10.416666666666668
89.80000000000001,13.793103448275861,10.416666666666668
89.9,13.793103448275861,10.416666666666668
90.0,13.793103448275861,10.416666666666668
90.10000000000001,13.793103448275861,10.416666666666668
90.2,13.793103448275861,10.416666666666668
90.30000000000001,13.793103448275861,10.416666666666668
90.4,13.793103448275861,10.416666666666668
90.5,13.793103448275861,10.416666666666668
90.60000000000001,13.793103448275861,10.416666666666668
90.7,13.793103448275861,10.416666666666668
90.80000000000001,13.793103448275861,10.416666666666668
90.9,13.793103448275861,10.416666666666668
91.0,13.793103448275861,10.416666666666668
91.10000000000001,13.793103448275861,10.416666666666668
91.2,13.793103448275861,10.416666666666668
91.30000000000001,13.793103448275861,10.416666666666668
91.4,13.793103448275861,10.416666666666668
91.5,13.793103448275861,10.416666666666668
91.60000000000001,13.793103448275861,10.416666666666668
91.7,13.793103448275861,10.416666666666668
91.80000000000001,13.793103448275861,10.416666666666668
91.9,13.793103448275861,10.416666666666668
92.0,13.793103448275861,10.416666666666668
92.10000000000001,13.793103448275861,10.416666666666668
92.2,13.793103448275861,10.416666666666668
92.30000000000001,13.793103448275861,10.416666666666668
92.4,13.793103448275861,10.416666666666668
92.5,13.793103448275861,10.416666666666668
92.60000000000001,13.793103448275861,10.416666666666668
92.7,13.793103448275861,10.416666666666668
92.80000000000001,13.793103448275861,10.416666666666668
92.9,13.793103448275861,10.416666666666668
93.0,13.793103448275861,10.416666666666668
93.10000000000001,13.793103448275861,10.416666666666668
93.2,13.793103448275861,10.416666666666668
93.30000000000001,13.793103448275861,10.416666666666668
93.4,13.793103448275861,10.416666666666668
93.5,13.793103448275861,10.416666666666668
93.60000000000001,13.793103448275861,10.416666666666668
93.7,13.793103448275861,10.416666666666668
93.80000000000001,13.793103448275861,10.416666666666668
93.9,13.793103448275861,10.416666666666668
94.0,13.793103448275861,10.416666666666668
94.10000000000001,13.793103448275861,10.416666666666668
94.2,13.793103448275861,10.416666666666668
94.30000000000001,13.793103448275861,10.416666666666668
94.4,13.793103448275861,10.416666666666668
94.5,13.793103448275861,10.416666666666668
94.60000000000001,13.793103448275861,10.416666666666668
94.7,13.793103448275861,10.416666666666668
94.80000000000001,13.793103448275861,10.416666666666668
94.9,13.793103448275861,10.416666666666668
95.0,13.793103448275861,10.416666666666668
95.10000000000001,13.793103448275861,10.416666666666668
95.2,13.793103448275861,10.416666666666668
95.30000000000001,13.793103448275861,10.416666666666668
95.4,13.793103448275861,10.416666666666668
95.5,13.793103448275861,10.416666666666668
95.60000000000001,13.793103448275861,10.416666666666668
95.7,13.793103448275861,10.416666666666668
95.80000000000001,13.793103448275861,10.416666666666668
95.9,13.793103448275861,10.416666666666668
96.0,13.793103448275861,10.416666666666668
96.10000000000001,13.793103448275861,10.416666666666668
96.2,13.793103448275861,10.416666666666668
96.30000000000001,13.793103448275861,10.416666666666668
96.4,13.793103448275861,10.416666666666668
96.5,13.793103448275861,10.416666666666668
96.60000000000001,13.793103448275861,10.416666666666668
96.7,13.793103448275861,10.416666666666668
96.80000000000001,13.793103448275861,10.416666666666668
96.9,13.793103448275861,10.416666666666668
97.0,13.793103448275861,10.416666666666668
97.10000000000001,13.793103448275861,10.416666666666668
97.2,13.793103448275861,10.416666666666668
97.30000000000001,13.793103448275861,10.416666666666668
97.4,13.793103448275861,10.416666666666668
97.5,13.793103448275861,10.416666666666668
97.60000000000001,13.793103448275861,10.416666666666668
97.7,13.793103448275861,10.416666666666668
97.80000000000001,13.793103448275861,10.416666666666668
97.9,13.793103448275861,10.416666666666668
98.0,13.793103448275861,10.416666666666668
98.10000000000001,13.793103448275861,10.416666666666668
98.2,13.793103448275861,10.416666666666668
98.30000000000001,13.793103448275861,10.416666666666668
98.4,13.793103448275861,10.416666666666668
98.5,13.793103448275861,10.416666666666668
98.60000000000001,13.793103448275861,10.416666666666668
98.7,13.793103448275861,10.416666666666668
98.80000000000001,13.793103448275861,10.416666666666668
98.9,13.793103448275861,10.416666666666668
